A	GCA	4.11889139748777
A	GCC	13.1020309136019
A	GCG	2.77351558970179
A	GCT	18.2
C	TGC	2.74727716299788
C	TGT	4.56
D	GAC	37.3588679837226
D	GAT	15.5
E	GAA	4.8892022247651
E	GAG	3.13
F	TTC	14.6
F	TTT	8.9
G	GGA	4.69
G	GGC	27
G	GGG	3.13
G	GGT	16.5
H	CAC	13.8
H	CAT	8.43
I	ATA	3.13
I	ATC	13
I	ATT	20.3
K	AAA	6.7
K	AAG	15.1
L	CTA	9
L	CTC	1.56
L	CTG	9
L	CTT	0.956000000000001
L	TTA	10.9
L	TTG	19.2
M	ATG	7.82000000000001
N	AAC	15.6
N	AAT	9.56
P	CCA	15.6
P	CCC	2.01
P	CCG	15.6
P	CCT	3.13
Q	CAA	14.1
Q	CAG	1.56
R	AGA	17.2
R	AGG	1.72
R	CGA	2.7
R	CGC	2.7
R	CGG	1.56
R	CGT	4.21
S	TCA	7.28
S	TCC	14.4
S	TCG	1.56
S	TCT	22.4
T	ACA	6.26
T	ACC	11.2
T	ACG	1.56
T	ACT	17.4
V	GTA	3.13
V	GTC	12.4
V	GTG	2.87
V	GTT	19.3
W	TGG	11.7
Y	TAC	17
Y	TAT	10.4
Z	AGC	6.26
Z	AGT	3.82
