A	GCA	-14.0811086025122
A	GCC	-5.0979690863981
A	GCG	-15.4264844102982
C	TGC	-1.81272283700212
D	GAC	21.8588679837226
E	GAA	1.7592022247651
F	TTC	5.7
G	GGA	-11.81
G	GGC	10.5
G	GGG	-13.37
H	CAC	5.37
I	ATA	-17.17
I	ATC	-7.3
K	AAA	-8.4
L	CTA	-10.2
L	CTC	-17.64
L	CTG	-10.2
L	CTT	-18.244
L	TTA	-8.3
N	AAC	6.04
P	CCA	12.47
P	CCC	-1.12
P	CCG	12.47
Q	CAA	12.54
R	AGA	12.99
R	AGG	-2.49
R	CGA	-1.51
R	CGC	-1.51
R	CGG	-2.65
S	TCA	-15.12
S	TCC	-8
S	TCG	-20.84
T	ACA	-11.14
T	ACC	-6.2
T	ACG	-15.84
V	GTA	-16.17
V	GTC	-6.9
V	GTG	-16.43
Y	TAC	6.6
Z	AGC	2.44
